    code,    date_issued,    in_use,    volunteers,    supply_requests,    post_default
,03/25/2011,TRUE,,,
,03/25/2011,TRUE,,,
,03/25/2011,FALSE,,,
,06/12/2012,TRUE,,,
,03/25/2011,TRUE,,,
,06/12/2012,TRUE,,,
,06/12/2012,TRUE,,,
,03/25/2011,FALSE,,,
,04/16/2013,TRUE,,,
,04/16/2013,TRUE,,,
,06/12/2012,FALSE,,,
,04/16/2013,FALSE,,,
,01/24/2013,TRUE,,,
,01/09/2013,TRUE,,,
,01/10/2013,TRUE,,,
,05/02/2016,FALSE,,,
,03/25/2011,TRUE,,,
,06/12/2012,TRUE,,,
,04/16/2013,TRUE,,,
,03/25/2011,TRUE,,,
,03/25/2011,TRUE,,,